Number;Name;DistrictNumber;ZipCode
10101;Eisenstadt;10101;7000
10201;Rust;10201;7071
10301;Breitenbrunn am Neusiedler See;10301;7091
10302;Donnerskirchen;10302;7082
10303;Großhöflein;10303;7051
10304;Hornstein;10304;7053
10305;Klingenbach;10305;7013
10306;Leithaprodersdorf;10306;2443
10307;Mörbisch am See;10307;7072
10308;Müllendorf;10308;7052
10309;Neufeld an der Leitha;10309;2491
10310;Oggau am Neusiedler See;10310;7063
10311;Oslip;10311;7064
10312;Purbach am Neusiedler See;10312;7083
10313;Sankt Margarethen im Burgenland;10313;7062
10314;Schützen am Gebirge;10314;7081
10315;Siegendorf;10315;7011
10316;Steinbrunn;10316;7035
10317;Trausdorf an der Wulka;10317;7061
10318;Wimpassing an der Leitha;10318;2485
10319;Wulkaprodersdorf;10319;7041
10320;Loretto;10320;2443
10321;Stotzing;10321;2443
10322;Zillingtal;10322;7034
10323;Zagersdorf;10323;7012
10401;Bocksdorf;10401;7551
10402;Burgauberg-Neudauberg;10402;8291
10403;Eberau;10403;7521
10404;Gerersdorf-Sulz;10404;7542
10405;Güssing;10405;7540
10406;Güttenbach;10406;7536
10407;Heiligenbrunn;10407;7522
10408;Kukmirn;10408;7543
10409;Neuberg im Burgenland;10409;7537
10410;Neustift bei Güssing;10410;7540
10411;Olbendorf;10411;7534
10412;Ollersdorf im Burgenland;10412;7533
10413;Sankt Michael im Burgenland;10413;7535
10414;Stegersbach;10414;7551
10415;Stinatz;10415;7552
10416;Strem;10416;7522
10417;Tobaj;10417;7544
10418;Hackerberg;10418;8292
10419;Wörterberg;10419;8293
10420;Großmürbisch;10420;7540
10421;Inzenhof;10421;7540
10422;Kleinmürbisch;10422;7540
10423;Tschanigraben;10423;7540
10424;Heugraben;10424;7551
10425;Rohr im Burgenland;10425;7551
10426;Bildein;10426;7521
10427;Rauchwart;10427;7535
10428;Moschendorf;10428;7540
10501;Deutsch Kaltenbrunn;10501;7572
10502;Eltendorf;10502;7562
10503;Heiligenkreuz im Lafnitztal;10503;7561
10504;Jennersdorf;10504;8380
10505;Minihof-Liebau;10505;8384
10506;Mogersdorf;10506;8382
10507;Neuhaus am Klausenbach;10507;8385
10508;Rudersdorf;10508;7571
10509;Sankt Martin an der Raab;10509;8383
10510;Weichselbaum;10510;8382
10511;Königsdorf;10511;7563
10512;Mühlgraben;10512;8385
10601;Draßburg;10601;7021
10602;Forchtenstein;10602;7212
10603;Hirm;10603;7024
10604;Loipersbach im Burgenland;10604;7020
10605;Marz;10605;7221
10606;Mattersburg;10606;7210
10607;Neudörfl;10607;7201
10608;Pöttelsdorf;10608;7023
10609;Pöttsching;10609;7033
10610;Rohrbach bei Mattersburg;10610;7222
10611;Bad Sauerbrunn;10611;7202
10612;Schattendorf;10612;7022
10613;Sieggraben;10613;7223
10614;Sigleß;10614;7032
10615;Wiesen;10615;7203
10616;Antau;10616;7042
10617;Baumgarten;10617;7021
10618;Zemendorf-Stöttera;10618;7023
10619;Krensdorf;10619;7031
10701;Andau;10701;7163
10702;Apetlon;10702;7143
10703;Bruckneudorf;10703;2460
10704;Deutsch Jahrndorf;10704;2423
10705;Frauenkirchen;10705;7132
10706;Gattendorf;10706;2474
10707;Gols;10707;7122
10708;Halbturn;10708;7131
10709;Illmitz;10709;7142
10710;Jois;10710;7093
10711;Kittsee;10711;2421
10712;Mönchhof;10712;7123
10713;Neusiedl am See;10713;7100
10714;Nickelsdorf;10714;2425
10715;Pama;10715;2422
10716;Pamhagen;10716;7152
10717;Parndorf;10717;7111
10718;Podersdorf am See;10718;7141
10719;Sankt Andrä am Zicksee;10719;7161
10720;Tadten;10720;7162
10721;Wallern im Burgenland;10721;7151
10722;Weiden am See;10722;7121
10723;Winden am See;10723;7092
10724;Zurndorf;10724;2424
10725;Neudorf;10725;2475
10726;Potzneusiedl;10726;2473
10727;Edelstal;10727;2413
10801;Deutschkreutz;10801;7301
10802;Draßmarkt;10802;7372
10803;Frankenau-Unterpullendorf;10803;7361
10804;Großwarasdorf;10804;7304
10805;Horitschon;10805;7312
10806;Kaisersdorf;10806;7342
10807;Kobersdorf;10807;7332
10808;Lackenbach;10808;7322
10809;Lockenhaus;10809;7442
10810;Lutzmannsburg;10810;7361
10811;Mannersdorf an der Rabnitz;10811;7444
10812;Markt Sankt Martin;10812;7341
10813;Neckenmarkt;10813;7311
10814;Neutal;10814;7343
10815;Nikitsch;10815;7302
10816;Oberpullendorf;10816;7350
10817;Pilgersdorf;10817;7441
10818;Piringsdorf;10818;7373
10819;Raiding;10819;7321
10820;Ritzing;10820;7323
10821;Steinberg-Dörfl;10821;7453
10822;Stoob;10822;7344
10823;Weppersdorf;10823;7331
10824;Lackendorf;10824;7321
10825;Unterfrauenhaid;10825;7321
10826;Unterrabnitz-Schwendgraben;10826;7371
10827;Weingraben;10827;7374
10828;Oberloisdorf;10828;7451
10901;Bad Tatzmannsdorf;10901;7431
10902;Bernstein;10902;7434
10903;Deutsch Schützen-Eisenberg;10903;7474
10904;Grafenschachen;10904;7423
10905;Großpetersdorf;10905;7503
10906;Hannersdorf;10906;7473
10907;Kemeten;10907;7531
10908;Kohfidisch;10908;7512
10909;Litzelsdorf;10909;7532
10910;Loipersdorf-Kitzladen;10910;7410
10911;Mariasdorf;10911;7433
10912;Markt Allhau;10912;7411
10913;Markt Neuhodis;10913;7464
10914;Mischendorf;10914;7511
10915;Oberdorf im Burgenland;10915;7501
10916;Oberschützen;10916;7432
10917;Oberwart;10917;7400
10918;Pinkafeld;10918;7423
10919;Rechnitz;10919;7471
10920;Riedlingsdorf;10920;7422
10921;Rotenturm an der Pinka;10921;7501
10922;Schachendorf;10922;7472
10923;Stadtschlaining;10923;7461
10924;Unterkohlstätten;10924;7435
10925;Unterwart;10925;7501
10926;Weiden bei Rechnitz;10926;7463
10927;Wiesfleck;10927;7423
10928;Wolfau;10928;7412
10929;Neustift an der Lafnitz;10929;7423
10930;Jabing;10930;7503
10931;Badersdorf;10931;7512
10932;Schandorf;10932;7472
20101;Klagenfurt am Wörthersee;20101;9020
20201;Villach;20201;9500
20302;Dellach;20302;9635
20305;Hermagor-Pressegger See;20305;9620
20306;Kirchbach;20306;9632
20307;Kötschach-Mauthen;20307;9640
20316;St. Stefan im Gailtal;20316;9623
20320;Gitschtal;20320;9622
20321;Lesachtal;20321;9653
20402;Ebenthal in Kärnten;20402;9065
20403;Feistritz im Rosental;20403;9181
20405;Ferlach;20405;9170
20409;Grafenstein;20409;9131
20412;Keutschach am See;20412;9074
20414;Köttmannsdorf;20414;9071
20415;Krumpendorf am Wörthersee;20415;9201
20416;Ludmannsdorf;20416;9072
20417;Maria Rain;20417;9161
20418;Maria Saal;20418;9063
20419;Maria Wörth;20419;9081
20421;Moosburg;20421;9062
20424;Pörtschach am Wörther See;20424;9210
20425;Poggersdorf;20425;9130
20428;St. Margareten im Rosental;20428;9173
20432;Schiefling am Wörthersee;20432;9535
20435;Techelsberg am Wörther See;20435;9212
20441;Zell;20441;9170
20442;Magdalensberg;20442;9064
20501;Althofen;20501;9330
20502;Brückl;20502;9371
20503;Deutsch-Griffen;20503;9572
20504;Eberstein;20504;9372
20505;Friesach;20505;9360
20506;Glödnitz;20506;9346
20508;Gurk;20508;9342
20509;Guttaring;20509;9334
20511;Hüttenberg;20511;9375
20512;Kappel am Krappfeld;20512;9321
20513;Klein St. Paul;20513;9373
20515;Liebenfels;20515;9556
20518;Metnitz;20518;9363
20519;Micheldorf;20519;9322
20520;Mölbling;20520;9330
20523;St. Georgen am Längsee;20523;9314
20527;St. Veit an der Glan;20527;9300
20530;Straßburg;20530;9341
20531;Weitensfeld im Gurktal;20531;9344
20534;Frauenstein;20534;9311
20601;Bad Kleinkirchheim;20601;9546
20602;Baldramsdorf;20602;9805
20603;Berg im Drautal;20603;9771
20604;Dellach im Drautal;20604;9772
20605;Großkirchheim;20605;9843
20607;Flattach;20607;9831
20608;Gmünd in Kärnten;20608;9853
20609;Greifenburg;20609;9761
20610;Heiligenblut am Großglockner;20610;9844
20611;Irschen;20611;9773
20613;Kleblach-Lind;20613;9753
20616;Lendorf;20616;9811
20618;Mallnitz;20618;9822
20619;Malta;20619;9854
20620;Millstatt am See;20620;9872
20622;Mörtschach;20622;9842
20624;Mühldorf;20624;9814
20625;Oberdrauburg;20625;9781
20627;Obervellach;20627;9821
20630;Radenthein;20630;9545
20631;Rangersdorf;20631;9833
20632;Rennweg am Katschberg;20632;9863
20633;Sachsenburg;20633;9751
20634;Seeboden am Millstätter See;20634;9871
20635;Spittal an der Drau;20635;9800
20636;Stall;20636;9832
20637;Steinfeld;20637;9754
20638;Trebesing;20638;9852
20639;Weißensee;20639;9762
20640;Winklern;20640;9841
20642;Krems in Kärnten;20642;9861
20643;Lurnfeld;20643;9813
20644;Reißeck;20644;9815
20701;Afritz am See;20701;9542
20702;Arnoldstein;20702;9601
20703;Arriach;20703;9543
20705;Bad Bleiberg;20705;9530
20707;Feistritz an der Gail;20707;9613
20708;Feld am See;20708;9544
20710;Ferndorf;20710;9702
20711;Finkenstein am Faaker See;20711;9584
20712;Fresach;20712;9712
20713;Hohenthurn;20713;9613
20719;Nötsch im Gailtal;20719;9611
20720;Paternion;20720;9711
20721;Rosegg;20721;9232
20722;St. Jakob im Rosental;20722;9184
20723;Stockenboi;20723;9713
20724;Treffen am Ossiacher See;20724;9521
20725;Velden am Wörther See;20725;9220
20726;Weißenstein;20726;9721
20727;Wernberg;20727;9241
20801;Bleiburg;20801;9150
20802;Diex;20802;9103
20803;Eberndorf;20803;9141
20804;Eisenkappel-Vellach;20804;9135
20805;Feistritz ob Bleiburg;20805;9143
20806;Gallizien;20806;9132
20807;Globasnitz;20807;9142
20808;Griffen;20808;9112
20810;Neuhaus;20810;9155
20812;Ruden;20812;9113
20813;St. Kanzian am Klopeiner See;20813;9122
20815;Sittersdorf;20815;9133
20817;Völkermarkt;20817;9100
20901;Bad St. Leonhard im Lavanttal;20901;9462
20905;Frantschach-St. Gertraud;20905;9413
20909;Lavamünd;20909;9473
20911;Preitenegg;20911;9451
20912;Reichenfels;20912;9463
20913;St. Andrä;20913;9433
20914;St. Georgen im Lavanttal;20914;9423
20918;St. Paul im Lavanttal;20918;9470
20923;Wolfsberg;20923;9400
21001;Albeck;21001;9571
21002;Feldkirchen in Kärnten;21002;9560
21003;Glanegg;21003;9555
21004;Gnesau;21004;9563
21005;Himmelberg;21005;9562
21006;Ossiach;21006;9570
21007;Reichenau;21007;9565
21008;St. Urban;21008;9554
21009;Steindorf am Ossiacher See;21009;9551
21010;Steuerberg;21010;9560
30101;Krems an der Donau;30101;3500
30201;St. Pölten;30201;3100
30301;Waidhofen an der Ybbs;30301;3340
30401;Wiener Neustadt;30401;2700
30501;Allhartsberg;30501;3365
30502;Amstetten;30502;3300
30503;Ardagger;30503;3321
30504;Aschbach-Markt;30504;3361
30506;Behamberg;30506;4441
30507;Biberbach;30507;3353
30508;Ennsdorf;30508;4482
30509;Ernsthofen;30509;4432
30510;Ertl;30510;3355
30511;Euratsfeld;30511;3324
30512;Ferschnitz;30512;3325
30514;Haag;30514;3350
30515;Haidershofen;30515;4431
30516;Hollenstein an der Ybbs;30516;3343
30517;Kematen an der Ybbs;30517;3331
30520;Neuhofen an der Ybbs;30520;3364
30521;Neustadtl an der Donau;30521;3323
30522;Oed-Oehling;30522;3362
30524;Opponitz;30524;3342
30526;St. Georgen am Reith;30526;3344
30527;St. Georgen am Ybbsfelde;30527;3304
30529;St. Pantaleon-Erla;30529;4303
30530;St. Peter in der Au;30530;3352
30531;St. Valentin;30531;4300
30532;Seitenstetten;30532;3353
30533;Sonntagberg;30533;3332
30534;Strengberg;30534;3314
30536;Viehdorf;30536;3322
30538;Wallsee-Sindelburg;30538;3313
30539;Weistrach;30539;3351
30541;Winklarn;30541;3300
30542;Wolfsbach;30542;3354
30543;Ybbsitz;30543;3341
30544;Zeillern;30544;3311
30601;Alland;30601;2534
30602;Altenmarkt an der Triesting;30602;2571
30603;Bad Vöslau;30603;2540
30604;Baden;30604;2500
30605;Berndorf;30605;2560
30607;Ebreichsdorf;30607;2483
30608;Enzesfeld-Lindabrunn;30608;2551
30609;Furth an der Triesting;30609;2564
30612;Günselsdorf;30612;2525
30613;Heiligenkreuz;30613;2532
30614;Hernstein;30614;2560
30615;Hirtenberg;30615;2552
30616;Klausen-Leopoldsdorf;30616;2533
30618;Kottingbrunn;30618;2542
30620;Leobersdorf;30620;2544
30621;Mitterndorf an der Fischa;30621;2441
30623;Oberwaltersdorf;30623;2522
30625;Pfaffstätten;30625;2511
30626;Pottendorf;30626;2486
30627;Pottenstein;30627;2563
30629;Reisenberg;30629;2440
30631;Schönau an der Triesting;30631;2525
30633;Seibersdorf;30633;2443
30635;Sooß;30635;2504
30636;Tattendorf;30636;2523
30637;Teesdorf;30637;2524
30639;Traiskirchen;30639;2514
30641;Trumau;30641;2521
30645;Weissenbach an der Triesting;30645;2564
30646;Blumau-Neurißhof;30646;2602
30701;Au am Leithaberge;30701;2451
30702;Bad Deutsch-Altenburg;30702;2405
30703;Berg;30703;2413
30704;Bruck an der Leitha;30704;2460
30706;Enzersdorf an der Fischa;30706;2431
30708;Göttlesbrunn-Arbesthal;30708;2464
30709;Götzendorf an der Leitha;30709;2434
30710;Hainburg a.d. Donau;30710;2410
30711;Haslau-Maria Ellend;30711;2402
30712;Höflein;30712;2465
30713;Hof am Leithaberge;30713;2451
30715;Hundsheim;30715;2405
30716;Mannersdorf am Leithagebirge;30716;2452
30718;Petronell-Carnuntum;30718;2404
30719;Prellenkirchen;30719;2472
30721;Rohrau;30721;2471
30722;Scharndorf;30722;2403
30724;Sommerein;30724;2453
30726;Trautmannsdorf an der Leitha;30726;2454
30728;Wolfsthal;30728;2412
30801;Aderklaa;30801;2232
30802;Andlersdorf;30802;2301
30803;Angern an der March;30803;2261
30804;Auersthal;30804;2214
30805;Bad Pirawarth;30805;2222
30808;Deutsch-Wagram;30808;2232
30810;Drösing;30810;2265
30811;Dürnkrut;30811;2263
30812;Ebenthal;30812;2251
30813;Eckartsau;30813;2305
30814;Engelhartstetten;30814;2292
30817;Gänserndorf;30817;2230
30819;Glinzendorf;30819;2282
30821;Groß-Enzersdorf;30821;2301
30822;Großhofen;30822;2282
30824;Groß-Schweinbarth;30824;2221
30825;Haringsee;30825;2286
30826;Hauskirchen;30826;2184
30827;Hohenau an der March;30827;2273
30828;Hohenruppersdorf;30828;2223
30829;Jedenspeigen;30829;2264
30830;Lassee;30830;2291
30831;Leopoldsdorf im Marchfelde;30831;2285
30834;Mannsdorf an der Donau;30834;2304
30835;Marchegg;30835;2293
30836;Markgrafneusiedl;30836;2282
30838;Matzen-Raggendorf;30838;2243
30841;Neusiedl an der Zaya;30841;2183
30842;Obersiebenbrunn;30842;2283
30844;Orth an der Donau;30844;2304
30845;Palterndorf-Dobermannsdorf;30845;2181
30846;Parbasdorf;30846;2232
30848;Prottes;30848;2242
30849;Raasdorf;30849;2281
30850;Ringelsdorf-Niederabsdorf;30850;2272
30852;Schönkirchen-Reyersdorf;30852;2241
30854;Spannberg;30854;2244
30856;Strasshof an der Nordbahn;30856;2231
30857;Sulz im Weinviertel;30857;2224
30858;Untersiebenbrunn;30858;2284
30859;Velm-Götzendorf;30859;2245
30860;Weikendorf;30860;2253
30863;Zistersdorf;30863;2225
30865;Weiden an der March;30865;2295
30902;Amaliendorf-Aalfang;30902;3872
30903;Brand-Nagelberg;30903;3871
30904;Eggern;30904;3861
30906;Eisgarn;30906;3862
30908;Gmünd;30908;3950
30909;Großdietmanns;30909;3950
30910;Bad Großpertholz;30910;3972
30912;Großschönau;30912;3922
30913;Moorbad Harbach;30913;3970
30915;Haugschlag;30915;3874
30916;Heidenreichstein;30916;3860
30917;Hirschbach;30917;3942
30920;Hoheneich;30920;3945
30921;Kirchberg am Walde;30921;3932
30925;Litschau;30925;3874
30929;Reingers;30929;3863
30932;St. Martin;30932;3971
30935;Schrems;30935;3943
30939;Unserfrau-Altweitra;30939;3970
30940;Waldenstein;30940;3961
30942;Weitra;30942;3970
31001;Alberndorf im Pulkautal;31001;2054
31008;Göllersdorf;31008;2013
31009;Grabern;31009;2020
31014;Guntersdorf;31014;2042
31015;Hadres;31015;2061
31016;Hardegg;31016;2083
31018;Haugsdorf;31018;2054
31019;Heldenberg;31019;3704
31021;Hohenwarth-Mühlbach a.M.;31021;3472
31022;Hollabrunn;31022;2020
31025;Mailberg;31025;2024
31026;Maissau;31026;3712
31028;Nappersdorf-Kammersdorf;31028;2033
31033;Pernersdorf;31033;2052
31035;Pulkau;31035;3741
31036;Ravelsbach;31036;3720
31037;Retz;31037;2070
31038;Retzbach;31038;2074
31041;Schrattenthal;31041;2073
31042;Seefeld-Kadolz;31042;2062
31043;Sitzendorf an der Schmida;31043;3714
31051;Wullersdorf;31051;2041
31052;Zellerndorf;31052;2051
31053;Ziersdorf;31053;3710
31101;Altenburg;31101;3591
31102;Brunn an der Wild;31102;3595
31103;Burgschleinitz-Kühnring;31103;3730
31104;Drosendorf-Zissersdorf;31104;2095
31105;Eggenburg;31105;3730
31106;Gars am Kamp;31106;3571
31107;Geras;31107;2093
31109;Horn;31109;3580
31110;Irnfritz-Messern;31110;3754
31111;Japons;31111;3763
31113;Langau;31113;2091
31114;Meiseldorf;31114;3744
31117;Pernegg;31117;3753
31119;Röhrenbach;31119;3592
31120;Röschitz;31120;3743
31121;Rosenburg-Mold;31121;3573
31123;St. Bernhard-Frauenhofen;31123;3580
31124;Sigmundsherberg;31124;3751
31129;Weitersfeld;31129;2084
31130;Straning-Grafenberg;31130;3722
31201;Bisamberg;31201;2102
31202;Enzersfeld im Weinviertel;31202;2202
31203;Ernstbrunn;31203;2115
31204;Großmugl;31204;2002
31205;Großrußbach;31205;2114
31206;Hagenbrunn;31206;2102
31207;Harmannsdorf;31207;2111
31208;Hausleiten;31208;3464
31213;Korneuburg;31213;2100
31214;Langenzersdorf;31214;2103
31215;Leitzersdorf;31215;2003
31216;Leobendorf;31216;2100
31224;Rußbach;31224;3702
31226;Sierndorf;31226;2011
31227;Spillern;31227;2104
31228;Stetteldorf am Wagram;31228;3463
31229;Stetten;31229;2100
31230;Stockerau;31230;2000
31234;Niederhollabrunn;31234;2004
31301;Aggsbach;31301;3641
31302;Albrechtsberg an der Großen Krems;31302;3613
31303;Bergern im Dunkelsteinerwald;31303;3512
31304;Dürnstein;31304;3601
31308;Grafenegg;31308;3492
31309;Furth bei Göttweig;31309;3511
31310;Gedersdorf;31310;3494
31311;Gföhl;31311;3542
31315;Hadersdorf-Kammern;31315;3493
31319;Jaidhof;31319;3542
31321;Krumau am Kamp;31321;3543
31322;Langenlois;31322;3550
31323;Lengenfeld;31323;3552
31324;Lichtenau im Waldviertel;31324;3522
31326;Maria Laach am Jauerling;31326;3643
31327;Mautern an der Donau;31327;3512
31330;Mühldorf;31330;3622
31333;Paudorf;31333;3508
31336;Rastenfeld;31336;3532
31337;Rohrendorf bei Krems;31337;3495
31338;Rossatz-Arnsdorf;31338;3602
31340;St. Leonhard am Hornerwald;31340;3572
31343;Senftenberg;31343;3541
31344;Spitz;31344;3620
31346;Straß im Straßertale;31346;3491
31347;Stratzing;31347;3552
31350;Weinzierl am Walde;31350;3521
31351;Weißenkirchen in der Wachau;31351;3610
31355;Schönberg am Kamp;31355;3562
31356;Droß;31356;3552
31401;Annaberg;31401;3222
31402;Eschenau;31402;3153
31403;Hainfeld;31403;3170
31404;Hohenberg;31404;3192
31405;Kaumberg;31405;2572
31406;Kleinzell;31406;3171
31407;Lilienfeld;31407;3180
31408;Mitterbach am Erlaufsee;31408;3224
31409;Ramsau;31409;3172
31410;Rohrbach an der Gölsen;31410;3163
31411;St. Aegyd am Neuwalde;31411;3193
31412;St. Veit an der Gölsen;31412;3161
31413;Traisen;31413;3160
31414;Türnitz;31414;3184
31502;Artstetten-Pöbring;31502;3661
31503;Bergland;31503;3254
31504;Bischofstetten;31504;3232
31505;Blindenmarkt;31505;3372
31506;Dorfstetten;31506;4392
31507;Dunkelsteinerwald;31507;3392
31508;Erlauf;31508;3253
31509;Golling an der Erlauf;31509;3381
31511;Hofamt Priel;31511;3681
31513;Hürm;31513;3383
31514;Kilb;31514;3233
31515;Kirnberg an der Mank;31515;3241
31516;Klein-Pöchlarn;31516;3660
31517;Krummnußbaum;31517;3375
31519;Leiben;31519;3652
31520;Loosdorf;31520;3382
31521;Mank;31521;3240
31522;Marbach an der Donau;31522;3671
31523;Maria Taferl;31523;3672
31524;Melk;31524;3390
31525;Münichreith-Laimbach;31525;3662
31527;Neumarkt an der Ybbs;31527;3371
31528;Nöchling;31528;3691
31530;Persenbeug-Gottsdorf;31530;3680
31531;Petzenkirchen;31531;3252
31533;Pöchlarn;31533;3380
31534;Pöggstall;31534;3650
31535;Raxendorf;31535;3654
31537;Ruprechtshofen;31537;3244
31539;St. Leonhard am Forst;31539;3243
31540;St. Martin-Karlsbach;31540;3376
31541;St. Oswald;31541;3684
31542;Schönbühel-Aggsbach;31542;3642
31543;Schollach;31543;3382
31546;Weiten;31546;3653
31549;Ybbs an der Donau;31549;3370
31550;Zelking-Matzleinsdorf;31550;3393
31551;Texingtal;31551;3242
31552;Yspertal;31552;3683
31553;Emmersdorf an der Donau;31553;3644
31601;Altlichtenwarth;31601;2144
31603;Asparn an der Zaya;31603;2151
31604;Bernhardsthal;31604;2275
31605;Bockfließ;31605;2213
31606;Drasenhofen;31606;2165
31608;Falkenstein;31608;2162
31609;Fallbach;31609;2133
31611;Gaubitsch;31611;2154
31612;Gaweinstal;31612;2191
31613;Gnadendorf;31613;2152
31614;Großebersdorf;31614;2203
31615;Großengersdorf;31615;2212
31616;Großharras;31616;2034
31617;Großkrut;31617;2143
31620;Hausbrunn;31620;2145
31621;Herrnbaumgarten;31621;2171
31622;Hochleithen;31622;2123
31627;Kreuttal;31627;2123
31628;Kreuzstetten;31628;2124
31629;Laa an der Thaya;31629;2136
31630;Ladendorf;31630;2126
31633;Mistelbach;31633;2130
31634;Neudorf bei Staatz;31634;2135
31636;Niederleis;31636;2116
31642;Pillichsdorf;31642;2211
31644;Poysdorf;31644;2170
31645;Rabensburg;31645;2274
31646;Schrattenberg;31646;2172
31649;Staatz;31649;2134
31650;Stronsdorf;31650;2153
31651;Ulrichskirchen-Schleinbach;31651;2122
31652;Unterstinkenbrunn;31652;2154
31653;Wildendürnbach;31653;2164
31654;Wilfersdorf;31654;2193
31655;Wolkersdorf im Weinviertel;31655;2120
31658;Ottenthal;31658;2163
31701;Achau;31701;2481
31702;Biedermannsdorf;31702;2362
31703;Breitenfurt bei Wien;31703;2384
31704;Brunn am Gebirge;31704;2345
31706;Gaaden;31706;2531
31707;Gießhübl;31707;2372
31709;Gumpoldskirchen;31709;2352
31710;Guntramsdorf;31710;2353
31711;Hennersdorf;31711;2332
31712;Hinterbrühl;31712;2371
31713;Kaltenleutgeben;31713;2391
31714;Laab im Walde;31714;2381
31715;Laxenburg;31715;2361
31716;Maria Enzersdorf;31716;2344
31717;Mödling;31717;2340
31718;Münchendorf;31718;2482
31719;Perchtoldsdorf;31719;2380
31723;Vösendorf;31723;2331
31725;Wiener Neudorf;31725;2351
31726;Wienerwald;31726;2392
31801;Altendorf;31801;2632
31802;Aspang-Markt;31802;2870
31803;Aspangberg-St. Peter;31803;2870
31804;Breitenau;31804;2624
31805;Breitenstein;31805;2673
31806;Buchbach;31806;2630
31807;Edlitz;31807;2842
31808;Enzenreith;31808;2640
31809;Feistritz am Wechsel;31809;2873
31810;Gloggnitz;31810;2640
31811;Grafenbach-St. Valentin;31811;2632
31812;Grimmenstein;31812;2840
31813;Grünbach am Schneeberg;31813;2733
31814;Kirchberg am Wechsel;31814;2880
31815;Mönichkirchen;31815;2872
31817;Natschbach-Loipersbach;31817;2620
31818;Neunkirchen;31818;2620
31820;Otterthal;31820;2880
31821;Payerbach;31821;2650
31823;Pitten;31823;2823
31825;Prigglitz;31825;2640
31826;Puchberg am Schneeberg;31826;2734
31827;Raach am Hochgebirge;31827;2640
31829;Reichenau an der Rax;31829;2651
31830;St. Corona am Wechsel;31830;2880
31831;St. Egyden am Steinfeld;31831;2731
31832;Scheiblingkirchen-Thernberg;31832;2831
31833;Schottwien;31833;2641
31834;Schrattenbach;31834;2733
31835;Schwarzau am Steinfeld;31835;2625
31836;Schwarzau im Gebirge;31836;2662
31837;Seebenstein;31837;2824
31838;Semmering;31838;2680
31839;Ternitz;31839;2630
31840;Thomasberg;31840;2842
31841;Trattenbach;31841;2881
31842;Bürg-Vöstenhof;31842;2630
31843;Warth;31843;2831
31844;Wartmannstetten;31844;2620
31845;Willendorf;31845;2732
31846;Wimpassing im Schwarzatale;31846;2632
31847;Würflach;31847;2732
31848;Zöbern;31848;2871
31849;Höflein an der Hohen Wand;31849;2732
31901;Altlengbach;31901;3033
31902;Asperhofen;31902;3041
31903;Böheimkirchen;31903;3071
31904;Brand-Laaben;31904;3053
31905;Eichgraben;31905;3032
31906;Frankenfels;31906;3213
31907;Gerersdorf;31907;3385
31909;Hofstetten-Grünau;31909;3202
31910;Hafnerbach;31910;3386
31911;Haunoldstein;31911;3384
31912;Herzogenburg;31912;3130
31913;Inzersdorf-Getzersdorf;31913;3131
31915;Kapelln;31915;3141
31916;Karlstetten;31916;3121
31917;Kasten bei Böheimkirchen;31917;3072
31918;Kirchberg an der Pielach;31918;3204
31919;Kirchstetten;31919;3062
31920;Loich;31920;3211
31921;Maria-Anzbach;31921;3034
31922;Markersdorf-Haindorf;31922;3385
31923;Michelbach;31923;3074
31925;Neidling;31925;3110
31926;Neulengbach;31926;3040
31927;Neustift-Innermanzing;31927;3052
31928;Nußdorf ob der Traisen;31928;3134
31929;Ober-Grafendorf;31929;3200
31930;Obritzberg-Rust;31930;3123
31932;Prinzersdorf;31932;3385
31934;Pyhra;31934;3143
31935;Rabenstein an der Pielach;31935;3203
31938;St. Margarethen an der Sierning;31938;3231
31939;Schwarzenbach an der Pielach;31939;3212
31940;Statzendorf;31940;3125
31941;Stössing;31941;3073
31943;Traismauer;31943;3133
31945;Weinburg;31945;3205
31946;Perschling;31946;3142
31947;Wilhelmsburg;31947;3150
31948;Wölbling;31948;3124
32001;Gaming;32001;3292
32002;Göstling an der Ybbs;32002;3345
32003;Gresten;32003;3264
32004;Gresten-Land;32004;3264
32005;Lunz am See;32005;3293
32006;Oberndorf an der Melk;32006;3281
32007;Puchenstuben;32007;3214
32008;Purgstall an der Erlauf;32008;3251
32009;Randegg;32009;3263
32010;Reinsberg;32010;3264
32011;St. Anton an der Jeßnitz;32011;3283
32012;St. Georgen an der Leys;32012;3282
32013;Scheibbs;32013;3270
32014;Steinakirchen am Forst;32014;3261
32015;Wang;32015;3262
32016;Wieselburg;32016;3250
32017;Wieselburg-Land;32017;3250
32018;Wolfpassing;32018;3261
32101;Absdorf;32101;3462
32104;Atzenbrugg;32104;3452
32106;Fels am Wagram;32106;3481
32107;Grafenwörth;32107;3484
32109;Großriedenthal;32109;3471
32110;Großweikersdorf;32110;3701
32112;Judenau-Baumgarten;32112;3441
32114;Kirchberg am Wagram;32114;3470
32115;Königsbrunn am Wagram;32115;3465
32116;Königstetten;32116;3433
32119;Langenrohr;32119;3442
32120;Michelhausen;32120;3451
32131;Sieghartskirchen;32131;3443
32132;Sitzenberg-Reidling;32132;3454
32134;Tulbing;32134;3434
32135;Tulln an der Donau;32135;3430
32139;Würmla;32139;3042
32140;Zeiselmauer-Wolfpassing;32140;3424
32141;Zwentendorf an der Donau;32141;3435
32142;St. Andrä-Wördern;32142;3423
32143;Muckendorf-Wipfing;32143;3426
32202;Dietmanns;32202;3813
32203;Dobersberg;32203;3843
32206;Gastern;32206;3852
32207;Groß-Siegharts;32207;3812
32209;Karlstein an der Thaya;32209;3822
32210;Kautzen;32210;3851
32212;Ludweis-Aigen;32212;3762
32214;Pfaffenschlag bei Waidhofen a.d.Thaya;32214;3834
32216;Raabs an der Thaya;32216;3820
32217;Thaya;32217;3842
32219;Vitis;32219;3902
32220;Waidhofen an der Thaya;32220;3830
32221;Waidhofen an der Thaya-Land;32221;3830
32222;Waldkirchen an der Thaya;32222;3844
32223;Windigsteig;32223;3841
32301;Bad Fischau-Brunn;32301;2721
32302;Bad Schönau;32302;2853
32304;Ebenfurth;32304;2490
32305;Eggendorf;32305;2492
32306;Bad Erlach;32306;2822
32307;Felixdorf;32307;2603
32308;Gutenstein;32308;2770
32309;Hochneukirchen-Gschaidt;32309;2852
32310;Hochwolkersdorf;32310;2802
32311;Hohe Wand;32311;2724
32312;Hollenthon;32312;2812
32313;Katzelsdorf;32313;2801
32314;Kirchschlag in der Buckligen Welt;32314;2860
32315;Krumbach;32315;2851
32316;Lanzenkirchen;32316;2821
32317;Lichtenegg;32317;2813
32318;Lichtenwörth;32318;2493
32319;Markt Piesting;32319;2753
32320;Matzendorf-Hölles;32320;2751
32321;Miesenbach;32321;2761
32322;Muggendorf;32322;2763
32323;Pernitz;32323;2763
32324;Rohr im Gebirge;32324;2663
32325;Bromberg;32325;2833
32326;Schwarzenbach;32326;2803
32327;Sollenau;32327;2601
32330;Theresienfeld;32330;2604
32331;Waidmannsfeld;32331;2763
32332;Waldegg;32332;2754
32333;Walpersbach;32333;2822
32334;Weikersdorf am Steinfelde;32334;2722
32335;Wiesmath;32335;2811
32336;Winzendorf-Muthmannsdorf;32336;2722
32337;Wöllersdorf-Steinabrückl;32337;2752
32338;Zillingdorf;32338;2492
32401;Ebergassing;32401;2435
32402;Fischamend;32402;2401
32403;Gablitz;32403;3003
32404;Gerasdorf bei Wien;32404;2201
32405;Gramatneusiedl;32405;2440
32406;Himberg;32406;2325
32407;Klein-Neusiedl;32407;2431
32408;Klosterneuburg;32408;3400
32409;Lanzendorf;32409;2326
32410;Leopoldsdorf;32410;2333
32411;Maria-Lanzendorf;32411;2326
32412;Mauerbach;32412;3001
32413;Moosbrunn;32413;2440
32415;Pressbaum;32415;3021
32416;Purkersdorf;32416;3002
32417;Rauchenwarth;32417;2320
32418;Schwadorf;32418;2432
32419;Schwechat;32419;2320
32421;Tullnerbach;32421;3013
32423;Wolfsgraben;32423;3012
32424;Zwölfaxing;32424;2322
32501;Allentsteig;32501;3804
32502;Arbesbach;32502;3925
32503;Bärnkopf;32503;3665
32504;Echsenbach;32504;3903
32505;Göpfritz an der Wild;32505;3800
32506;Grafenschlag;32506;3912
32508;Groß Gerungs;32508;3920
32509;Großgöttfritz;32509;3913
32511;Gutenbrunn;32511;3665
32514;Kirchschlag;32514;3631
32515;Kottes-Purk;32515;3623
32516;Langschlag;32516;3921
32517;Martinsberg;32517;3664
32518;Ottenschlag;32518;3631
32519;Altmelon;32519;3925
32520;Pölla;32520;3593
32521;Rappottenstein;32521;3911
32522;Sallingberg;32522;3525
32523;Schönbach;32523;3633
32524;Schwarzenau;32524;3900
32525;Schweiggers;32525;3931
32528;Bad Traunstein;32528;3632
32529;Waldhausen;32529;3914
32530;Zwettl-Niederösterreich;32530;3910
40101;Linz;40101;4020
40201;Steyr;40201;4400
40301;Wels;40301;4600
40401;Altheim;40401;4950
40402;Aspach;40402;5252
40403;Auerbach;40403;5224
40404;Braunau am Inn;40404;5280
40405;Burgkirchen;40405;5274
40406;Eggelsberg;40406;5142
40407;Feldkirchen bei Mattighofen;40407;5143
40408;Franking;40408;5131
40409;Geretsberg;40409;5132
40410;Gilgenberg am Weilhart;40410;5133
40411;Haigermoos;40411;5120
40412;Handenberg;40412;5144
40413;Helpfau-Uttendorf;40413;5261
40414;Hochburg-Ach;40414;5122
40415;Höhnhart;40415;5251
40416;Jeging;40416;5225
40417;Kirchberg bei Mattighofen;40417;5232
40418;Lengau;40418;5211
40419;Lochen am See;40419;5221
40420;Maria Schmolln;40420;5241
40421;Mattighofen;40421;5230
40422;Mauerkirchen;40422;5270
40423;Mining;40423;4962
40424;Moosbach;40424;5271
40425;Moosdorf;40425;5141
40426;Munderfing;40426;5222
40427;Neukirchen an der Enknach;40427;5145
40428;Ostermiething;40428;5121
40429;Palting;40429;5163
40430;Perwang am Grabensee;40430;5166
40431;Pfaffstätt;40431;5223
40432;Pischelsdorf am Engelbach;40432;5233
40433;Polling im Innkreis;40433;4951
40434;Roßbach;40434;5273
40435;St. Georgen am Fillmannsbach;40435;5144
40436;St. Johann am Walde;40436;5242
40437;St. Pantaleon;40437;5120
40438;St. Peter am Hart;40438;4963
40439;St. Radegund;40439;5121
40440;St. Veit im Innkreis;40440;5273
40441;Schalchen;40441;5231
40442;Schwand im Innkreis;40442;5134
40443;Tarsdorf;40443;5121
40444;Treubach;40444;5272
40445;Überackern;40445;5122
40446;Weng im Innkreis;40446;4952
40501;Alkoven;40501;4072
40502;Aschach an der Donau;40502;4082
40503;Eferding;40503;4070
40504;Fraham;40504;4070
40505;Haibach ob der Donau;40505;4083
40506;Hartkirchen;40506;4081
40507;Hinzenbach;40507;4070
40508;Prambachkirchen;40508;4731
40509;Pupping;40509;4070
40510;St. Marienkirchen an der Polsenz;40510;4076
40511;Scharten;40511;4612
40512;Stroheim;40512;4074
40601;Freistadt;40601;4240
40602;Grünbach;40602;4264
40603;Gutau;40603;4293
40604;Hagenberg im Mühlkreis;40604;4232
40605;Hirschbach im Mühlkreis;40605;4242
40606;Kaltenberg;40606;4273
40607;Kefermarkt;40607;4292
40608;Königswiesen;40608;4280
40609;Lasberg;40609;4291
40610;Leopoldschlag;40610;4262
40611;Liebenau;40611;4252
40612;Neumarkt im Mühlkreis;40612;4212
40613;Pierbach;40613;4282
40614;Pregarten;40614;4230
40615;Rainbach im Mühlkreis;40615;4261
40616;Sandl;40616;4251
40617;St. Leonhard bei Freistadt;40617;4294
40618;St. Oswald bei Freistadt;40618;4271
40619;Schönau im Mühlkreis;40619;4274
40620;Tragwein;40620;4284
40621;Unterweißenbach;40621;4273
40622;Unterweitersdorf;40622;4210
40623;Waldburg;40623;4240
40624;Wartberg ob der Aist;40624;4224
40625;Weitersfelden;40625;4272
40626;Windhaag bei Freistadt;40626;4263
40627;Bad Zell;40627;4283
40701;Altmünster;40701;4813
40702;Bad Goisern am Hallstättersee;40702;4822
40703;Bad Ischl;40703;4820
40704;Ebensee;40704;4802
40705;Gmunden;40705;4810
40706;Gosau;40706;4824
40707;Grünau im Almtal;40707;4645
40708;Gschwandt;40708;4816
40709;Hallstatt;40709;4830
40710;Kirchham;40710;4656
40711;Laakirchen;40711;4663
40712;Obertraun;40712;4831
40713;Ohlsdorf;40713;4694
40714;Pinsdorf;40714;4812
40715;Roitham;40715;4661
40716;St. Konrad;40716;4817
40717;St. Wolfgang im Salzkammergut;40717;5360
40718;Traunkirchen;40718;4801
40719;Scharnstein;40719;4644
40720;Vorchdorf;40720;4655
40801;Aistersheim;40801;4676
40802;Bad Schallerbach;40802;4701
40803;Bruck-Waasen;40803;4722
40804;Eschenau im Hausruckkreis;40804;4724
40805;Gallspach;40805;4713
40806;Gaspoltshofen;40806;4673
40807;Geboltskirchen;40807;4682
40808;Grieskirchen;40808;4710
40809;Haag am Hausruck;40809;4680
40810;Heiligenberg;40810;4733
40811;Hofkirchen an der Trattnach;40811;4716
40812;Kallham;40812;4720
40813;Kematen am Innbach;40813;4633
40814;Meggenhofen;40814;4714
40815;Michaelnbach;40815;4712
40816;Natternbach;40816;4723
40817;Neukirchen am Walde;40817;4724
40818;Neumarkt im Hausruckkreis;40818;4720
40819;Peuerbach;40819;4722
40820;Pötting;40820;4720
40821;Pollham;40821;4710
40822;Pram;40822;4742
40823;Rottenbach;40823;4681
40824;St. Agatha;40824;4084
40825;St. Georgen bei Grieskirchen;40825;4710
40826;St. Thomas;40826;4732
40827;Schlüßlberg;40827;4707
40828;Steegen;40828;4722
40829;Taufkirchen an der Trattnach;40829;4715
40830;Tollet;40830;4710
40831;Waizenkirchen;40831;4730
40832;Wallern an der Trattnach;40832;4702
40833;Weibern;40833;4675
40834;Wendling;40834;4741
40901;Edlbach;40901;4580
40902;Grünburg;40902;4594
40903;Hinterstoder;40903;4573
40904;Inzersdorf im Kremstal;40904;4565
40905;Kirchdorf an der Krems;40905;4560
40906;Klaus an der Pyhrnbahn;40906;4564
40907;Kremsmünster;40907;4550
40908;Micheldorf in Oberösterreich;40908;4563
40909;Molln;40909;4591
40910;Nußbach;40910;4542
40911;Oberschlierbach;40911;4554
40912;Pettenbach;40912;4643
40913;Ried im Traunkreis;40913;4551
40914;Rosenau am Hengstpaß;40914;4581
40915;Roßleithen;40915;4575
40916;St. Pankraz;40916;4572
40917;Schlierbach;40917;4553
40918;Spital am Pyhrn;40918;4582
40919;Steinbach am Ziehberg;40919;4562
40920;Steinbach an der Steyr;40920;4596
40921;Vorderstoder;40921;4574
40922;Wartberg an der Krems;40922;4552
40923;Windischgarsten;40923;4580
41001;Allhaming;41001;4511
41002;Ansfelden;41002;4053
41003;Asten;41003;4481
41004;Eggendorf im Traunkreis;41004;4622
41005;Enns;41005;4470
41006;Hargelsberg;41006;4483
41007;Hörsching;41007;4063
41008;Hofkirchen im Traunkreis;41008;4492
41009;Kematen an der Krems;41009;4531
41010;Kirchberg-Thening;41010;4062
41011;Kronstorf;41011;4484
41012;Leonding;41012;4060
41013;St. Florian;41013;4490
41014;Neuhofen an der Krems;41014;4501
41015;Niederneukirchen;41015;4491
41016;Oftering;41016;4064
41017;Pasching;41017;4061
41018;Piberbach;41018;4533
41019;Pucking;41019;4055
41020;St. Marien;41020;4502
41021;Traun;41021;4050
41022;Wilhering;41022;4073
41101;Allerheiligen im Mühlkreis;41101;4320
41102;Arbing;41102;4341
41103;Baumgartenberg;41103;4342
41104;Dimbach;41104;4371
41105;Grein;41105;4360
41106;Katsdorf;41106;4223
41107;Klam;41107;4352
41108;Bad Kreuzen;41108;4362
41109;Langenstein;41109;4222
41110;Luftenberg an der Donau;41110;4225
41111;Mauthausen;41111;4310
41112;Mitterkirchen im Machland;41112;4343
41113;Münzbach;41113;4323
41114;Naarn im Machlande;41114;4331
41115;Pabneukirchen;41115;4363
41116;Perg;41116;4320
41117;Rechberg;41117;4324
41118;Ried in der Riedmark;41118;4312
41119;St. Georgen am Walde;41119;4372
41120;St. Georgen an der Gusen;41120;4222
41121;St. Nikola an der Donau;41121;4381
41122;St. Thomas am Blasenstein;41122;4364
41123;Saxen;41123;4351
41124;Schwertberg;41124;4311
41125;Waldhausen im Strudengau;41125;4391
41126;Windhaag bei Perg;41126;4322
41201;Andrichsfurt;41201;4754
41202;Antiesenhofen;41202;4980
41203;Aurolzmünster;41203;4971
41204;Eberschwang;41204;4906
41205;Eitzing;41205;4970
41206;Geiersberg;41206;4922
41207;Geinberg;41207;4943
41208;Gurten;41208;4942
41209;Hohenzell;41209;4921
41210;Kirchdorf am Inn;41210;4982
41211;Kirchheim im Innkreis;41211;4932
41212;Lambrechten;41212;4772
41213;Lohnsburg am Kobernaußerwald;41213;4923
41214;Mehrnbach;41214;4941
41215;Mettmach;41215;4931
41216;Mörschwang;41216;4982
41217;Mühlheim am Inn;41217;4961
41218;Neuhofen im Innkreis;41218;4912
41219;Obernberg am Inn;41219;4982
41220;Ort im Innkreis;41220;4974
41221;Pattigham;41221;4910
41222;Peterskirchen;41222;4743
41223;Pramet;41223;4925
41224;Reichersberg;41224;4981
41225;Ried im Innkreis;41225;4910
41226;St. Georgen bei Obernberg am Inn;41226;4983
41227;St. Marienkirchen am Hausruck;41227;4926
41228;St. Martin im Innkreis;41228;4973
41229;Schildorn;41229;4920
41230;Senftenbach;41230;4973
41231;Taiskirchen im Innkreis;41231;4753
41232;Tumeltsham;41232;4911
41233;Utzenaich;41233;4972
41234;Waldzell;41234;4924
41235;Weilbach;41235;4984
41236;Wippenham;41236;4942
41301;Afiesl;41301;4184
41302;Ahorn;41302;4184
41304;Altenfelden;41304;4121
41305;Arnreit;41305;4122
41306;Atzesberg;41306;4152
41307;Auberg;41307;4171
41309;Haslach an der Mühl;41309;4170
41310;Helfenberg;41310;4184
41311;Hörbich;41311;4132
41312;Hofkirchen im Mühlkreis;41312;4142
41313;Julbach;41313;4162
41314;Kirchberg ob der Donau;41314;4131
41315;Klaffer am Hochficht;41315;4163
41316;Kleinzell im Mühlkreis;41316;4115
41317;Kollerschlag;41317;4154
41318;Lembach im Mühlkreis;41318;4132
41319;Lichtenau im Mühlkreis;41319;4170
41320;Nebelberg;41320;4155
41321;Neufelden;41321;4120
41322;Niederkappel;41322;4133
41323;Niederwaldkirchen;41323;4174
41324;Oberkappel;41324;4144
41325;Oepping;41325;4151
41326;Peilstein im Mühlviertel;41326;4153
41327;Pfarrkirchen im Mühlkreis;41327;4141
41328;Putzleinsdorf;41328;4134
41329;Neustift im Mühlkreis;41329;4143
41331;St. Johann am Wimberg;41331;4172
41332;St. Martin im Mühlkreis;41332;4113
41333;St. Oswald bei Haslach;41333;4170
41334;St. Peter am Wimberg;41334;4171
41335;St. Stefan am Walde;41335;4170
41336;St. Ulrich im Mühlkreis;41336;4116
41337;St. Veit im Mühlkreis;41337;4173
41338;Sarleinsbach;41338;4152
41340;Schönegg;41340;4184
41341;Schwarzenberg am Böhmerwald;41341;4164
41342;Ulrichsberg;41342;4161
41343;Aigen-Schlägl;41343;4160
41344;Rohrbach-Berg;41344;4150
41401;Altschwendt;41401;4721
41402;Andorf;41402;4770
41403;Brunnenthal;41403;4786
41404;Diersbach;41404;4776
41405;Dorf an der Pram;41405;4751
41406;Eggerding;41406;4773
41407;Engelhartszell;41407;4090
41408;Enzenkirchen;41408;4761
41409;Esternberg;41409;4092
41410;Freinberg;41410;4785
41411;Kopfing im Innkreis;41411;4794
41412;Mayrhof;41412;4777
41413;Münzkirchen;41413;4792
41414;Raab;41414;4760
41415;Rainbach im Innkreis;41415;4791
41416;Riedau;41416;4752
41417;St. Aegidi;41417;4725
41418;St. Florian am Inn;41418;4782
41419;St. Marienkirchen bei Schärding;41419;4774
41420;St. Roman;41420;4793
41421;St. Willibald;41421;4762
41422;Schärding;41422;4780
41423;Schardenberg;41423;4784
41424;Sigharting;41424;4771
41425;Suben;41425;4975
41426;Taufkirchen an der Pram;41426;4775
41427;Vichtenstein;41427;4091
41428;Waldkirchen am Wesen;41428;4085
41429;Wernstein am Inn;41429;4783
41430;Zell an der Pram;41430;4755
41501;Adlwang;41501;4541
41502;Aschach an der Steyr;41502;4421
41503;Bad Hall;41503;4540
41504;Dietach;41504;4407
41505;Gaflenz;41505;3334
41506;Garsten;41506;4451
41507;Großraming;41507;4463
41508;Laussa;41508;4461
41509;Losenstein;41509;4460
41510;Maria Neustift;41510;4443
41511;Pfarrkirchen bei Bad Hall;41511;4540
41512;Reichraming;41512;4462
41513;Rohr im Kremstal;41513;4532
41514;St. Ulrich bei Steyr;41514;4400
41515;Schiedlberg;41515;4521
41516;Sierning;41516;4522
41517;Ternberg;41517;4452
41518;Waldneukirchen;41518;4595
41521;Wolfern;41521;4493
41522;Weyer;41522;3335
41601;Alberndorf in der Riedmark;41601;4211
41602;Altenberg bei Linz;41602;4203
41603;Bad Leonfelden;41603;4190
41604;Eidenberg;41604;4201
41605;Engerwitzdorf;41605;4209
41606;Feldkirchen an der Donau;41606;4101
41607;Gallneukirchen;41607;4210
41608;Goldwörth;41608;4102
41609;Gramastetten;41609;4201
41610;Haibach im Mühlkreis;41610;4204
41611;Hellmonsödt;41611;4202
41612;Herzogsdorf;41612;4175
41613;Kirchschlag bei Linz;41613;4202
41614;Linz-Urfahr;41614;4040
41615;Oberneukirchen;41615;4181
41616;Ottenschlag im Mühlkreis;41616;4204
41617;Ottensheim;41617;4100
41618;Puchenau;41618;4048
41619;Reichenau im Mühlkreis;41619;4204
41620;Reichenthal;41620;4193
41621;St. Gotthard im Mühlkreis;41621;4112
41622;Schenkenfelden;41622;4192
41623;Sonnberg im Mühlkreis;41623;4180
41624;Steyregg;41624;4221
41625;Vorderweißenbach;41625;4191
41626;Walding;41626;4111
41627;Zwettl an der Rodl;41627;4180
41701;Ampflwang im Hausruckwald;41701;4843
41702;Attersee am Attersee;41702;4864
41703;Attnang-Puchheim;41703;4800
41704;Atzbach;41704;4904
41705;Aurach am Hongar;41705;4861
41706;Berg im Attergau;41706;4880
41707;Desselbrunn;41707;4693
41708;Fornach;41708;4892
41709;Frankenburg am Hausruck;41709;4873
41710;Frankenmarkt;41710;4890
41711;Gampern;41711;4851
41712;Innerschwand am Mondsee;41712;5310
41713;Lenzing;41713;4860
41714;Manning;41714;4903
41715;Mondsee;41715;5310
41716;Neukirchen an der Vöckla;41716;4872
41717;Niederthalheim;41717;4692
41718;Nußdorf am Attersee;41718;4865
41719;Oberhofen am Irrsee;41719;4894
41720;Oberndorf bei Schwanenstadt;41720;4690
41721;Oberwang;41721;4882
41722;Ottnang am Hausruck;41722;4901
41723;Pfaffing;41723;4870
41724;Pilsbach;41724;4840
41725;Pitzenberg;41725;4690
41726;Pöndorf;41726;4891
41727;Puchkirchen am Trattberg;41727;4849
41728;Pühret;41728;4690
41729;Redleiten;41729;4873
41730;Redlham;41730;4846
41731;Regau;41731;4844
41732;Rüstorf;41732;4690
41733;Rutzenham;41733;4690
41734;St. Georgen im Attergau;41734;4880
41735;St. Lorenz;41735;5310
41736;Schlatt;41736;4690
41737;Schörfling am Attersee;41737;4861
41738;Schwanenstadt;41738;4690
41739;Seewalchen am Attersee;41739;4863
41740;Steinbach am Attersee;41740;4853
41741;Straß im Attergau;41741;4881
41742;Tiefgraben;41742;5310
41743;Timelkam;41743;4850
41744;Ungenach;41744;4841
41745;Unterach am Attersee;41745;4866
41746;Vöcklabruck;41746;4840
41747;Vöcklamarkt;41747;4870
41748;Weißenkirchen im Attergau;41748;4890
41749;Weyregg am Attersee;41749;4852
41750;Wolfsegg am Hausruck;41750;4902
41751;Zell am Moos;41751;4893
41752;Zell am Pettenfirst;41752;4842
41801;Aichkirchen;41801;4671
41802;Bachmanning;41802;4672
41803;Bad Wimsbach-Neydharting;41803;4654
41804;Buchkirchen;41804;4611
41805;Eberstalzell;41805;4653
41806;Edt bei Lambach;41806;4650
41807;Fischlham;41807;4652
41808;Gunskirchen;41808;4623
41809;Holzhausen;41809;4615
41810;Krenglbach;41810;4631
41811;Lambach;41811;4650
41812;Marchtrenk;41812;4614
41813;Neukirchen bei Lambach;41813;4671
41814;Offenhausen;41814;4625
41815;Pennewang;41815;4624
41816;Pichl bei Wels;41816;4632
41817;Sattledt;41817;4642
41818;Schleißheim;41818;4600
41819;Sipbachzell;41819;4621
41820;Stadl-Paura;41820;4651
41821;Steinerkirchen an der Traun;41821;4652
41822;Steinhaus;41822;4641
41823;Thalheim bei Wels;41823;4600
41824;Weißkirchen an der Traun;41824;4616
50101;Salzburg;50101;5020
50201;Abtenau;50201;5441
50202;Adnet;50202;5421
50203;Annaberg-Lungötz;50203;5524
50204;Golling an der Salzach;50204;5440
50205;Hallein;50205;5400
50206;Krispl;50206;5425
50207;Kuchl;50207;5431
50208;Oberalm;50208;5411
50209;Puch bei Hallein;50209;5412
50210;Rußbach am Paß Gschütt;50210;5442
50211;Sankt Koloman;50211;5423
50212;Scheffau am Tennengebirge;50212;5440
50213;Bad Vigaun;50213;5424
50301;Anif;50301;5081
50302;Anthering;50302;5102
50303;Bergheim;50303;5101
50304;Berndorf bei Salzburg;50304;5165
50305;Bürmoos;50305;5111
50306;Dorfbeuern;50306;5152
50307;Ebenau;50307;5323
50308;Elixhausen;50308;5161
50309;Elsbethen;50309;5061
50310;Eugendorf;50310;5301
50311;Faistenau;50311;5324
50312;Fuschl am See;50312;5330
50313;Göming;50313;5114
50314;Grödig;50314;5082
50315;Großgmain;50315;5084
50316;Hallwang;50316;5300
50317;Henndorf am Wallersee;50317;5302
50318;Hintersee;50318;5324
50319;Hof bei Salzburg;50319;5322
50320;Köstendorf;50320;5203
50321;Koppl;50321;5321
50322;Lamprechtshausen;50322;5112
50323;Mattsee;50323;5163
50324;Neumarkt am Wallersee;50324;5202
50325;Nußdorf am Haunsberg;50325;5151
50326;Oberndorf bei Salzburg;50326;5110
50327;Obertrum am See;50327;5162
50328;Plainfeld;50328;5325
50329;Sankt Georgen bei Salzburg;50329;5113
50330;Sankt Gilgen;50330;5340
50331;Schleedorf;50331;5205
50332;Seeham;50332;5164
50335;Straßwalchen;50335;5204
50336;Strobl;50336;5350
50337;Thalgau;50337;5303
50338;Wals-Siezenheim;50338;5071
50339;Seekirchen am Wallersee;50339;5201
50401;Altenmarkt im Pongau;50401;5541
50402;Bad Hofgastein;50402;5630
50403;Bad Gastein;50403;5640
50404;Bischofshofen;50404;5500
50405;Dorfgastein;50405;5632
50406;Eben im Pongau;50406;5531
50407;Filzmoos;50407;5532
50408;Flachau;50408;5542
50409;Forstau;50409;5552
50410;Goldegg;50410;5622
50411;Großarl;50411;5611
50412;Hüttau;50412;5511
50413;Hüttschlag;50413;5612
50414;Kleinarl;50414;5603
50415;Mühlbach am Hochkönig;50415;5505
50416;Pfarrwerfen;50416;5452
50417;Radstadt;50417;5550
50418;Sankt Johann im Pongau;50418;5600
50419;Sankt Martin am Tennengebirge;50419;5522
50420;Sankt Veit im Pongau;50420;5621
50421;Schwarzach im Pongau;50421;5620
50422;Untertauern;50422;5561
50423;Wagrain;50423;5602
50424;Werfen;50424;5450
50425;Werfenweng;50425;5453
50501;Göriach;50501;5574
50502;Lessach;50502;5575
50503;Mariapfarr;50503;5571
50504;Mauterndorf;50504;5570
50505;Muhr;50505;5583
50506;Ramingstein;50506;5591
50507;Sankt Andrä im Lungau;50507;5572
50508;Sankt Margarethen im Lungau;50508;5581
50509;Sankt Michael im Lungau;50509;5582
50510;Tamsweg;50510;5580
50511;Thomatal;50511;5592
50512;Tweng;50512;5563
50513;Unternberg;50513;5585
50514;Weißpriach;50514;5573
50515;Zederhaus;50515;5584
50601;Bramberg am Wildkogel;50601;5733
50602;Bruck an der Großglocknerstraße;50602;5671
50603;Dienten am Hochkönig;50603;5652
50604;Fusch an der Großglocknerstraße;50604;5672
50605;Hollersbach im Pinzgau;50605;5731
50606;Kaprun;50606;5710
50607;Krimml;50607;5743
50608;Lend;50608;5651
50609;Leogang;50609;5771
50610;Lofer;50610;5090
50611;Maishofen;50611;5751
50612;Maria Alm am Steinernen Meer;50612;5761
50613;Mittersill;50613;5730
50614;Neukirchen am Großvenediger;50614;5741
50615;Niedernsill;50615;5722
50616;Piesendorf;50616;5721
50617;Rauris;50617;5661
50618;Saalbach-Hinterglemm;50618;5753
50619;Saalfelden am Steinernen Meer;50619;5760
50620;Sankt Martin bei Lofer;50620;5092
50621;Stuhlfelden;50621;5724
50622;Taxenbach;50622;5660
50623;Unken;50623;5091
50624;Uttendorf;50624;5723
50625;Viehhofen;50625;5752
50626;Wald im Pinzgau;50626;5742
50627;Weißbach bei Lofer;50627;5093
50628;Zell am See;50628;5700
60101;Graz;60101;8010
60305;Frauental an der Laßnitz;60305;8523
60318;Lannach;60318;8502
60323;Pölfing-Brunn;60323;8544
60324;Preding;60324;8504
60326;Sankt Josef (Weststeiermark);60326;8503
60329;Sankt Peter im Sulmtal;60329;8542
60341;Wettmannstätten;60341;8521
60344;Deutschlandsberg;60344;8530
60345;Eibiswald;60345;8552
60346;Groß Sankt Florian;60346;8522
60347;Sankt Martin im Sulmtal;60347;8543
60348;Sankt Stefan ob Stainz;60348;8511
60349;Schwanberg;60349;8541
60350;Stainz;60350;8510
60351;Wies;60351;8551
60608;Feldkirchen bei Graz;60608;8073
60611;Gössendorf;60611;8077
60613;Gratkorn;60613;8101
60617;Hart bei Graz;60617;8075
60618;Haselsdorf-Tobelbad;60618;8144
60619;Hausmannstätten;60619;8071
60623;Kainbach bei Graz;60623;8010
60624;Kalsdorf bei Graz;60624;8401
60626;Kumberg;60626;8062
60628;Laßnitzhöhe;60628;8301
60629;Lieboch;60629;8501
60632;Peggau;60632;8120
60639;Sankt Bartholomä;60639;8113
60641;Sankt Oswald bei Plankenwarth;60641;8113
60642;Sankt Radegund bei Graz;60642;8061
60645;Semriach;60645;8102
60646;Stattegg;60646;8046
60647;Stiwoll;60647;8113
60648;Thal;60648;8051
60651;Übelbach;60651;8124
60653;Vasoldsberg;60653;8076
60654;Weinitzen;60654;8044
60655;Werndorf;60655;8402
60656;Wundschuh;60656;8142
60659;Deutschfeistritz;60659;8121
60660;Dobl-Zwaring;60660;8143
60661;Eggersdorf bei Graz;60661;8063
60662;Fernitz-Mellach;60662;8072
60663;Frohnleiten;60663;8130
60664;Gratwein-Straßengel;60664;8111
60665;Hitzendorf;60665;8151
60666;Nestelbach bei Graz;60666;8302
60667;Raaba-Grambach;60667;8074
60668;Sankt Marein bei Graz;60668;8323
60669;Seiersberg-Pirka;60669;8054
60670;Premstätten;60670;8141
61001;Allerheiligen bei Wildon;61001;8412
61002;Arnfels;61002;8454
61007;Empersdorf;61007;8081
61008;Gabersdorf;61008;8424
61012;Gralla;61012;8431
61013;Großklein;61013;8452
61016;Heimschuh;61016;8451
61017;Hengsberg;61017;8411
61019;Kitzeck im Sausal;61019;8442
61020;Lang;61020;8403
61021;Lebring-Sankt Margarethen;61021;8403
61024;Oberhaag;61024;8455
61027;Ragnitz;61027;8413
61030;Sankt Andrä-Höch;61030;8444
61032;Sankt Johann im Saggautal;61032;8453
61033;Sankt Nikolai im Sausal;61033;8505
61043;Tillmitsch;61043;8430
61045;Wagna;61045;8435
61049;Ehrenhausen an der Weinstraße;61049;8461
61050;Gamlitz;61050;8462
61051;Gleinstätten;61051;8443
61052;Heiligenkreuz am Waasen;61052;8081
61053;Leibnitz;61053;8430
61054;Leutschach an der Weinstraße;61054;8463
61055;Sankt Georgen an der Stiefing;61055;8413
61056;Sankt Veit in der Südsteiermark;61056;8423
61057;Schwarzautal;61057;8421
61058;Straß in Steiermark;61058;8472
61059;Wildon;61059;8410
61101;Eisenerz;61101;8790
61105;Kalwang;61105;8775
61106;Kammern im Liesingtal;61106;8773
61107;Kraubath an der Mur;61107;8714
61108;Leoben;61108;8700
61109;Mautern in Steiermark;61109;8774
61110;Niklasdorf;61110;8712
61111;Proleb;61111;8712
61112;Radmer;61112;8795
61113;Sankt Michael in Obersteiermark;61113;8770
61114;Sankt Peter-Freienstein;61114;8792
61115;Sankt Stefan ob Leoben;61115;8713
61116;Traboch;61116;8772
61118;Vordernberg;61118;8794
61119;Wald am Schoberpaß;61119;8781
61120;Trofaiach;61120;8793
61203;Aigen im Ennstal;61203;8943
61204;Altaussee;61204;8992
61205;Altenmarkt bei Sankt Gallen;61205;8934
61206;Ardning;61206;8904
61207;Bad Aussee;61207;8990
61213;Gröbming;61213;8962
61215;Grundlsee;61215;8993
61217;Haus;61217;8967
61222;Lassing;61222;8903
61236;Ramsau am Dachstein;61236;8972
61243;Selzthal;61243;8900
61247;Trieben;61247;8784
61251;Wildalpen;61251;8924
61252;Wörschach;61252;8942
61253;Admont;61253;8911
61254;Aich;61254;8966
61255;Bad Mitterndorf;61255;8983
61256;Gaishorn am See;61256;8783
61257;Irdning-Donnersbachtal;61257;8952
61258;Landl;61258;8931
61259;Liezen;61259;8940
61260;Michaelerberg-Pruggern;61260;8965
61261;Mitterberg-Sankt Martin;61261;8962
61262;Öblarn;61262;8960
61263;Rottenmann;61263;8786
61264;Sankt Gallen;61264;8933
61265;Schladming;61265;8970
61266;Sölk;61266;8961
61267;Stainach-Pürgg;61267;8950
61410;Mühlen;61410;8822
61413;Niederwölz;61413;8831
61425;St. Peter am Kammersberg;61425;8843
61428;Schöder;61428;8844
61437;Krakau;61437;8854
61438;Murau;61438;8850
61439;Neumarkt in der Steiermark;61439;8820
61440;Oberwölz;61440;8832
61441;Ranten;61441;8853
61442;Sankt Georgen am Kreischberg;61442;8861
61443;Sankt Lambrecht;61443;8813
61444;Scheifling;61444;8811
61445;Stadl-Predlitz;61445;8862
61446;Teufenbach-Katsch;61446;8833
61611;Krottendorf-Gaisfeld;61611;8564
61612;Ligist;61612;8563
61615;Mooskirchen;61615;8562
61618;Rosental an der Kainach;61618;8582
61621;Sankt Martin am Wöllmißberg;61621;8580
61624;Stallhofen;61624;8152
61625;Voitsberg;61625;8570
61626;Bärnbach;61626;8572
61627;Edelschrott;61627;8583
61628;Geistthal-Södingberg;61628;8152
61629;Hirschegg-Pack;61629;8584
61630;Kainach bei Voitsberg;61630;8573
61631;Köflach;61631;8580
61632;Maria Lankowitz;61632;8591
61633;Söding-Sankt Johann;61633;8561
61701;Albersdorf-Prebuch;61701;8200
61708;Fischbach;61708;8654
61710;Floing;61710;8183
61711;Gasen;61711;8616
61716;Markt Hartmannsdorf;61716;8311
61719;Hofstätten an der Raab;61719;8200
61727;Ludersdorf-Wilfersdorf;61727;8200
61728;Miesenbach bei Birkfeld;61728;8190
61729;Mitterdorf an der Raab;61729;8181
61730;Mortantsch;61730;8160
61731;Naas;61731;8160
61740;Puch bei Weiz;61740;8182
61741;Ratten;61741;8673
61743;Rettenegg;61743;8674
61744;St. Kathrein am Hauenstein;61744;8672
61745;Sankt Kathrein am Offenegg;61745;8171
61746;St. Margarethen an der Raab;61746;8321
61748;Sinabelkirchen;61748;8261
61750;Strallegg;61750;8192
61751;Thannhausen;61751;8160
61756;Anger;61756;8184
61757;Birkfeld;61757;8190
61758;Fladnitz an der Teichalm;61758;8163
61759;Gersdorf an der Feistritz;61759;8212
61760;Gleisdorf;61760;8200
61761;Gutenberg-Stenzengreith;61761;8160
61762;Ilztal;61762;8211
61763;Passail;61763;8162
61764;Pischelsdorf am Kulm;61764;8212
61765;Sankt Ruprecht an der Raab;61765;8181
61766;Weiz;61766;8160
62007;Fohnsdorf;62007;8753
62008;Gaal;62008;8731
62010;Hohentauern;62010;8785
62014;Kobenz;62014;8723
62021;Pusterwald;62021;8764
62026;Sankt Georgen ob Judenburg;62026;8756
62032;Sankt Peter ob Judenburg;62032;8755
62034;Seckau;62034;8732
62036;Unzmarkt-Frauenburg;62036;8800
62038;Zeltweg;62038;8740
62039;Lobmingtal;62039;8734
62040;Judenburg;62040;8750
62041;Knittelfeld;62041;8720
62042;Obdach;62042;8742
62043;Pöls-Oberkurzheim;62043;8761
62044;Pölstal;62044;8763
62045;Sankt Marein-Feistritz;62045;8733
62046;Sankt Margarethen bei Knittelfeld;62046;8720
62047;Spielberg;62047;8724
62048;Weißkirchen in Steiermark;62048;8741
62105;Breitenau am Hochlantsch;62105;8614
62115;Krieglach;62115;8670
62116;Langenwang;62116;8665
62125;Pernegg an der Mur;62125;8132
62128;Sankt Lorenzen im Mürztal;62128;8642
62131;Spital am Semmering;62131;8684
62132;Stanz im Mürztal;62132;8653
62135;Turnau;62135;8625
62138;Aflenz;62138;8623
62139;Bruck an der Mur;62139;8600
62140;Kapfenberg;62140;8605
62141;Kindberg;62141;8650
62142;Mariazell;62142;8630
62143;Mürzzuschlag;62143;8680
62144;Neuberg an der Mürz;62144;8692
62145;Sankt Barbara im Mürztal;62145;8662
62146;Sankt Marein im Mürztal;62146;8641
62147;Thörl;62147;8621
62148;Tragöß-Sankt Katharein;62148;8611
62202;Bad Blumau;62202;8283
62205;Buch-St. Magdalena;62205;8274
62206;Burgau;62206;8291
62209;Ebersdorf;62209;8273
62211;Friedberg;62211;8240
62214;Greinbach;62214;8230
62216;Großsteinbach;62216;8265
62219;Hartberg;62219;8230
62220;Hartberg Umgebung;62220;8230
62226;Lafnitz;62226;8233
62232;Ottendorf an der Rittschein;62232;8312
62233;Pinggau;62233;8243
62235;Pöllauberg;62235;8225
62242;Sankt Jakob im Walde;62242;8255
62244;Sankt Johann in der Haide;62244;8295
62245;Sankt Lorenzen am Wechsel;62245;8242
62247;Schäffern;62247;8244
62252;Söchau;62252;8362
62256;Stubenberg;62256;8223
62262;Wenigzell;62262;8254
62264;Bad Waltersdorf;62264;8271
62265;Dechantskirchen;62265;8241
62266;Feistritztal;62266;8221
62267;Fürstenfeld;62267;8280
62268;Grafendorf bei Hartberg;62268;8232
62269;Großwilfersdorf;62269;8263
62270;Hartl;62270;8224
62271;Ilz;62271;8262
62272;Kaindorf;62272;8224
62273;Loipersdorf bei Fürstenfeld;62273;8282
62274;Neudau;62274;8292
62275;Pöllau;62275;8225
62276;Rohr bei Hartberg;62276;8294
62277;Rohrbach an der Lafnitz;62277;8234
62278;Vorau;62278;8250
62279;Waldbach-Mönichwald;62279;8252
62311;Edelsbach bei Feldbach;62311;8332
62314;Eichkögl;62314;8322
62326;Halbenrain;62326;8492
62330;Jagerberg;62330;8091
62332;Kapfenstein;62332;8353
62335;Klöch;62335;8493
62343;Mettersdorf am Saßbach;62343;8092
62347;Murfeld;62347;8473
62368;Tieschen;62368;8355
62372;Unterlamm;62372;8352
62375;Bad Gleichenberg;62375;8344
62376;Bad Radkersburg;62376;8490
62377;Deutsch Goritz;62377;8483
62378;Fehring;62378;8350
62379;Feldbach;62379;8330
62380;Gnas;62380;8342
62381;Kirchbach-Zerlach;62381;8082
62382;Kirchberg an der Raab;62382;8324
62383;Mureck;62383;8480
62384;Paldau;62384;8341
62385;Pirching am Traubenberg;62385;8081
62386;Riegersburg;62386;8333
62387;Sankt Anna am Aigen;62387;8354
62388;Sankt Peter am Ottersbach;62388;8093
62389;Sankt Stefan im Rosental;62389;8083
62390;Straden;62390;8345
70101;Innsbruck;70101;6020
70201;Arzl im Pitztal;70201;6471
70202;Haiming;70202;6425
70203;Imst;70203;6460
70204;Imsterberg;70204;6492
70205;Jerzens;70205;6474
70206;Karres;70206;6462
70207;Karrösten;70207;6463
70208;Längenfeld;70208;6444
70209;Mieming;70209;6414
70210;Mils bei Imst;70210;6493
70211;Mötz;70211;6423
70212;Nassereith;70212;6465
70213;Obsteig;70213;6416
70214;Oetz;70214;6433
70215;Rietz;70215;6421
70216;Roppen;70216;6426
70217;St. Leonhard im Pitztal;70217;6481
70218;Sautens;70218;6432
70219;Silz;70219;6424
70220;Sölden;70220;6450
70221;Stams;70221;6422
70222;Tarrenz;70222;6464
70223;Umhausen;70223;6441
70224;Wenns;70224;6473
70301;Absam;70301;6067
70302;Aldrans;70302;6071
70303;Ampass;70303;6070
70304;Axams;70304;6094
70305;Baumkirchen;70305;6121
70306;Birgitz;70306;6092
70307;Ellbögen;70307;6083
70308;Flaurling;70308;6403
70309;Fritzens;70309;6122
70310;Fulpmes;70310;6166
70311;Gnadenwald;70311;6069
70312;Götzens;70312;6091
70313;Gries am Brenner;70313;6156
70314;Gries im Sellrain;70314;6182
70315;Grinzens;70315;6095
70317;Gschnitz;70317;6150
70318;Hatting;70318;6402
70319;Inzing;70319;6401
70320;Kematen in Tirol;70320;6175
70322;Kolsass;70322;6114
70323;Kolsassberg;70323;6115
70325;Lans;70325;6072
70326;Leutasch;70326;6105
70327;Matrei am Brenner;70327;6143
70328;Mieders;70328;6142
70329;Mils;70329;6068
70330;Mühlbachl;70330;6143
70331;Mutters;70331;6162
70332;Natters;70332;6161
70333;Navis;70333;6145
70334;Neustift im Stubaital;70334;6167
70335;Oberhofen im Inntal;70335;6406
70336;Obernberg am Brenner;70336;6157
70337;Oberperfuss;70337;6173
70338;Patsch;70338;6082
70339;Pettnau;70339;6408
70340;Pfaffenhofen;70340;6405
70341;Pfons;70341;6143
70342;Polling in Tirol;70342;6404
70343;Ranggen;70343;6179
70344;Reith bei Seefeld;70344;6103
70345;Rinn;70345;6074
70346;Rum;70346;6063
70347;St. Sigmund im Sellrain;70347;6184
70348;Scharnitz;70348;6108
70349;Schmirn;70349;6154
70350;Schönberg im Stubaital;70350;6141
70351;Seefeld in Tirol;70351;6100
70352;Sellrain;70352;6181
70353;Sistrans;70353;6073
70354;Hall in Tirol;70354;6060
70355;Steinach am Brenner;70355;6150
70356;Telfes im Stubai;70356;6165
70357;Telfs;70357;6410
70358;Thaur;70358;6065
70359;Trins;70359;6152
70360;Tulfes;70360;6075
70361;Unterperfuss;70361;6178
70362;Vals;70362;6154
70364;Völs;70364;6176
70365;Volders;70365;6111
70366;Wattenberg;70366;6113
70367;Wattens;70367;6112
70368;Wildermieming;70368;6413
70369;Zirl;70369;6170
70401;Aurach bei Kitzbühel;70401;6371
70402;Brixen im Thale;70402;6364
70403;Fieberbrunn;70403;6391
70404;Going am Wilden Kaiser;70404;6353
70405;Hochfilzen;70405;6395
70406;Hopfgarten im Brixental;70406;6361
70407;Itter;70407;6305
70408;Jochberg;70408;6373
70409;Kirchberg in Tirol;70409;6365
70410;Kirchdorf in Tirol;70410;6382
70411;Kitzbühel;70411;6370
70412;Kössen;70412;6345
70413;Oberndorf in Tirol;70413;6372
70414;Reith bei Kitzbühel;70414;6370
70415;St. Jakob in Haus;70415;6392
70416;St. Johann in Tirol;70416;6380
70417;St. Ulrich am Pillersee;70417;6393
70418;Schwendt;70418;6385
70419;Waidring;70419;6384
70420;Westendorf;70420;6363
70501;Alpbach;70501;6236
70502;Angath;70502;6321
70503;Bad Häring;70503;6323
70504;Brandenberg;70504;6234
70505;Breitenbach am Inn;70505;6252
70506;Brixlegg;70506;6230
70508;Ebbs;70508;6341
70509;Ellmau;70509;6352
70510;Erl;70510;6343
70511;Kirchbichl;70511;6322
70512;Kramsach;70512;6233
70513;Kufstein;70513;6330
70514;Kundl;70514;6250
70515;Langkampfen;70515;6336
70516;Mariastein;70516;6324
70517;Münster;70517;6232
70518;Niederndorf;70518;6342
70519;Niederndorferberg;70519;6346
70520;Radfeld;70520;6241
70521;Rattenberg;70521;6240
70522;Reith im Alpbachtal;70522;6235
70523;Rettenschöss;70523;6347
70524;Scheffau am Wilden Kaiser;70524;6351
70525;Schwoich;70525;6334
70526;Söll;70526;6306
70527;Thiersee;70527;6335
70528;Angerberg;70528;6320
70529;Walchsee;70529;6344
70530;Wildschönau;70530;6311
70531;Wörgl;70531;6300
70601;Faggen;70601;6525
70602;Fendels;70602;6528
70603;Fiss;70603;6533
70604;Fließ;70604;6521
70605;Flirsch;70605;6572
70606;Galtür;70606;6563
70607;Grins;70607;6591
70608;Ischgl;70608;6561
70609;Kappl;70609;6555
70610;Kaunerberg;70610;6527
70611;Kaunertal;70611;6524
70612;Kauns;70612;6526
70613;Ladis;70613;6532
70614;Landeck;70614;6500
70615;Nauders;70615;6543
70616;Pettneu am Arlberg;70616;6574
70617;Pfunds;70617;6542
70618;Pians;70618;6551
70619;Prutz;70619;6522
70620;Ried im Oberinntal;70620;6531
70621;St. Anton am Arlberg;70621;6580
70622;Schönwies;70622;6491
70623;See;70623;6553
70624;Serfaus;70624;6534
70625;Spiss;70625;6544
70626;Stanz bei Landeck;70626;6500
70627;Strengen;70627;6571
70628;Tobadill;70628;6552
70629;Tösens;70629;6541
70630;Zams;70630;6511
70701;Abfaltersbach;70701;9913
70702;Ainet;70702;9951
70703;Amlach;70703;9908
70704;Anras;70704;9912
70705;Assling;70705;9911
70706;Außervillgraten;70706;9931
70707;Dölsach;70707;9991
70708;Gaimberg;70708;9905
70709;Hopfgarten in Defereggen;70709;9961
70710;Innervillgraten;70710;9932
70711;Iselsberg-Stronach;70711;9992
70712;Kals am Großglockner;70712;9981
70713;Kartitsch;70713;9941
70714;Lavant;70714;9906
70715;Leisach;70715;9909
70716;Lienz;70716;9900
70717;Matrei in Osttirol;70717;9971
70718;Nikolsdorf;70718;9782
70719;Nußdorf-Debant;70719;9990
70720;Oberlienz;70720;9903
70721;Obertilliach;70721;9942
70723;Prägraten am Großvenediger;70723;9974
70724;St. Jakob in Defereggen;70724;9963
70725;St. Johann im Walde;70725;9952
70726;St. Veit in Defereggen;70726;9962
70727;Schlaiten;70727;9954
70728;Sillian;70728;9920
70729;Strassen;70729;9918
70731;Thurn;70731;9904
70732;Tristach;70732;9907
70733;Untertilliach;70733;9943
70734;Virgen;70734;9972
70735;Heinfels;70735;9919
70801;Bach;70801;6653
70802;Berwang;70802;6622
70803;Biberwier;70803;6633
70804;Bichlbach;70804;6621
70805;Breitenwang;70805;6600
70806;Ehenbichl;70806;6600
70807;Ehrwald;70807;6632
70808;Elbigenalp;70808;6652
70809;Elmen;70809;6644
70810;Forchach;70810;6670
70811;Grän;70811;6673
70812;Gramais;70812;6650
70813;Häselgehr;70813;6651
70814;Heiterwang;70814;6611
70815;Hinterhornbach;70815;6646
70816;Höfen;70816;6604
70817;Holzgau;70817;6654
70818;Jungholz;70818;6691
70819;Kaisers;70819;6655
70820;Lechaschau;70820;6600
70821;Lermoos;70821;6631
70822;Musau;70822;6600
70823;Namlos;70823;6623
70824;Nesselwängle;70824;6672
70825;Pfafflar;70825;6647
70826;Pflach;70826;6600
70827;Pinswang;70827;6600
70828;Reutte;70828;6600
70829;Schattwald;70829;6677
70830;Stanzach;70830;6642
70831;Steeg;70831;6655
70832;Tannheim;70832;6675
70833;Vils;70833;6682
70834;Vorderhornbach;70834;6645
70835;Wängle;70835;6610
70836;Weißenbach am Lech;70836;6671
70837;Zöblen;70837;6677
70901;Achenkirch;70901;6215
70902;Aschau im Zillertal;70902;6274
70903;Brandberg;70903;6290
70904;Bruck am Ziller;70904;6260
70905;Buch in Tirol;70905;6220
70907;Eben am Achensee;70907;6212
70908;Finkenberg;70908;6292
70909;Fügen;70909;6263
70910;Fügenberg;70910;6264
70911;Gallzein;70911;6222
70912;Gerlos;70912;6281
70913;Gerlosberg;70913;6280
70914;Hainzenberg;70914;6278
70915;Hart im Zillertal;70915;6265
70916;Hippach;70916;6283
70917;Jenbach;70917;6200
70918;Kaltenbach;70918;6272
70920;Mayrhofen;70920;6290
70921;Pill;70921;6136
70922;Ramsau im Zillertal;70922;6284
70923;Ried im Zillertal;70923;6273
70924;Rohrberg;70924;6280
70925;Schlitters;70925;6262
70926;Schwaz;70926;6130
70927;Schwendau;70927;6283
70928;Stans;70928;6135
70929;Steinberg am Rofan;70929;6215
70930;Strass im Zillertal;70930;6261
70931;Stumm;70931;6275
70932;Stummerberg;70932;6275
70933;Terfens;70933;6123
70934;Tux;70934;6293
70935;Uderns;70935;6271
70936;Vomp;70936;6134
70937;Weer;70937;6116
70938;Weerberg;70938;6133
70939;Wiesing;70939;6210
70940;Zell am Ziller;70940;6280
70941;Zellberg;70941;6277
80101;Bartholomäberg;80101;6781
80102;Blons;80102;6723
80103;Bludenz;80103;6700
80104;Bludesch;80104;6719
80105;Brand;80105;6708
80106;Bürs;80106;6706
80107;Bürserberg;80107;6707
80108;Dalaas;80108;6752
80109;Fontanella;80109;6733
80110;Gaschurn;80110;6793
80111;Innerbraz;80111;6751
80112;Klösterle;80112;6754
80113;Lech;80113;6764
80114;Lorüns;80114;6700
80115;Ludesch;80115;6713
80116;Nenzing;80116;6710
80117;Nüziders;80117;6714
80118;Raggal;80118;6741
80119;St. Anton im Montafon;80119;6771
80120;St. Gallenkirch;80120;6791
80121;St. Gerold;80121;6722
80122;Schruns;80122;6780
80123;Silbertal;80123;6782
80124;Sonntag;80124;6731
80125;Stallehr;80125;6700
80126;Thüringen;80126;6712
80127;Thüringerberg;80127;6721
80128;Tschagguns;80128;6774
80129;Vandans;80129;6773
80201;Alberschwende;80201;6861
80202;Andelsbuch;80202;6866
80203;Au;80203;6883
80204;Bezau;80204;6870
80205;Bildstein;80205;6858
80206;Bizau;80206;6874
80207;Bregenz;80207;6900
80208;Buch;80208;6960
80209;Damüls;80209;6884
80210;Doren;80210;6933
80211;Egg;80211;6863
80212;Eichenberg;80212;6911
80213;Fußach;80213;6972
80214;Gaißau;80214;6974
80215;Hard;80215;6971
80216;Hittisau;80216;6952
80217;Höchst;80217;6973
80218;Hörbranz;80218;6912
80219;Hohenweiler;80219;6914
80220;Kennelbach;80220;6921
80221;Krumbach;80221;6942
80222;Langen bei Bregenz;80222;6932
80223;Langenegg;80223;6941
80224;Lauterach;80224;6923
80225;Lingenau;80225;6951
80226;Lochau;80226;6911
80227;Mellau;80227;6881
80228;Mittelberg;80228;6991
80229;Möggers;80229;6900
80230;Reuthe;80230;6870
80231;Riefensberg;80231;6943
80232;Schnepfau;80232;6882
80233;Schoppernau;80233;6886
80234;Schröcken;80234;6888
80235;Schwarzach;80235;6858
80236;Schwarzenberg;80236;6867
80237;Sibratsgfäll;80237;6952
80238;Sulzberg;80238;6934
80239;Warth;80239;6767
80240;Wolfurt;80240;6922
80301;Dornbirn;80301;6850
80302;Hohenems;80302;6845
80303;Lustenau;80303;6890
80401;Altach;80401;6844
80402;Düns;80402;6822
80403;Dünserberg;80403;6822
80404;Feldkirch;80404;6800
80405;Frastanz;80405;6820
80406;Fraxern;80406;6833
80407;Göfis;80407;6811
80408;Götzis;80408;6840
80409;Klaus;80409;6833
80410;Koblach;80410;6842
80411;Laterns;80411;6830
80412;Mäder;80412;6841
80413;Meiningen;80413;6812
80414;Rankweil;80414;6830
80415;Röns;80415;6822
80416;Röthis;80416;6832
80417;Satteins;80417;6822
80418;Schlins;80418;6824
80419;Schnifis;80419;6822
80420;Sulz;80420;6832
80421;Übersaxen;80421;6834
80422;Viktorsberg;80422;6836
80423;Weiler;80423;6833
80424;Zwischenwasser;80424;6835
90001;Wien;90101;1010
90001;Wien;90201;1020
90001;Wien;90301;1030
90001;Wien;90401;1040
90001;Wien;90501;1050
90001;Wien;90601;1060
90001;Wien;90701;1070
90001;Wien;90801;1080
90001;Wien;90901;1090
90001;Wien;91001;1100
90001;Wien;91101;1110
90001;Wien;91201;1120
90001;Wien;91301;1130
90001;Wien;91401;1140
90001;Wien;91501;1150
90001;Wien;91601;1160
90001;Wien;91701;1170
90001;Wien;91801;1180
90001;Wien;91901;1190
90001;Wien;92001;1200
90001;Wien;92101;1210
90001;Wien;92201;1220
90001;Wien;92301;1230
